{
    "type": "full",
    "objects": [
        {
            "database": "Cubo Tabular",
            "table": "Adquirente"
        },
        {
            "database": "Cubo Tabular",
            "table": "Bandeira"
        },
        {
            "database": "Cubo Tabular",
            "table": "Cadastro Cliente"
        },
        {
            "database": "Cubo Tabular",
            "table": "Cadastro Vendedor"
        },
        {
            "database": "Cubo Tabular",
            "table": "Cadastro Vendedor Histórico"
        },
        {
            "database": "Cubo Tabular",
            "table": "Calendário"
        },
        {
            "database": "Cubo Tabular",
            "table": "Canal de Antecipação"
        },
        {
            "database": "Cubo Tabular",
            "table": "Carteira Atual - Stone co"
        },
        {
            "database": "Cubo Tabular",
            "table": "Carteira Histórica"
        },
        {
            "database": "Cubo Tabular",
            "table": "Data da Carteira"
        },
        {
            "database": "Cubo Tabular",
            "table": "Empresa"
        },
        {
            "database": "Cubo Tabular",
            "table": "Localidade"
        },
        {
            "database": "Cubo Tabular",
            "table": "MCC"
        },
        {
            "database": "Cubo Tabular",
            "table": "Metas"
        },
        {
            "database": "Cubo Tabular",
            "table": "Metas Vendedor"
        },
        {
            "database": "Cubo Tabular",
            "table": "Produto"
        },
        {
            "database": "Cubo Tabular",
            "table": "Regras de Segurança"
        },
        {
            "database": "Cubo Tabular",
            "table": "Rota"
        },
        {
            "database": "Cubo Tabular",
            "table": "Sazonalidade - Meta"
        },
        {
            "database": "Cubo Tabular",
            "table": "Status do Cliente"
        },
        {
            "database": "Cubo Tabular",
            "table": "Tipo de Antecipação"
        },
        {
            "database": "Cubo Tabular",
            "table": "Tipo de Receita"
        },
        {
            "database": "Cubo Tabular",
            "table": "Tipo de Transação"
        },
        {
            "database": "Cubo Tabular",
            "table": "Tipo do Cliente"
        },
        {
            "database": "Cubo Tabular",
            "table": "Tipo Parcelado"
        },
        {
            "database": "Cubo Tabular",
            "table": "Afiliações"
        },
        {
            "database": "Cubo Tabular",
            "table": "Última Atualização"
        },
        {
            "database": "Cubo Tabular",
            "table": "Última Atualização"
        },
        {
            "database": "Cubo Tabular",
            "table": "Cargos de Usuários"
        },
        {
            "database": "Cubo Tabular",
            "table": "Status do Usuário"
        },
        {
            "database": "Cubo Tabular",
            "table": "Tipo do Turnover"
        },
        {
            "database": "Cubo Tabular",
            "table": "Usuários"
        },
        {
            "database": "Cubo Tabular",
            "table": "Regras de Segurança"
        },
        {
            "database": "Cubo Tabular",
            "table": "Cadeias"
        }
    ]
}
