{
    "type": "full",
    "objects": [
        {
            "database": "Cubo Tabular",
            "table": "Agenda",
            "partition": "LastMonth"
        },
        {
            "database": "Cubo Tabular",
            "table": "Aluguel",
            "partition": "LastMonth"
        },
        {
            "database": "Cubo Tabular",
            "table": "Base Ativa"
        },
        {
            "database": "Cubo Tabular",
            "table": "Contagem de Clientes"
        },
        {
            "database": "Cubo Tabular",
            "table": "Dados Clientes"
        },
        {
            "database": "Cubo Tabular",
            "table": "Gap do Cliente"
        },
        {
            "database": "Cubo Tabular",
            "table": "Outras Receitas",
            "partition": "LastMonth"
        },
        {
            "database": "Cubo Tabular",
            "table": "Receita Total"
        },
        {
            "database": "Cubo Tabular",
            "table": "Rolling"
        },
        {
            "database": "Cubo Tabular",
            "table": "Reativação"
        },
        {
            "database": "Cubo Tabular",
            "table": "Base Ativa Histórico",
            "partition": "LastMonth"
        },
        {
            "database": "Cubo Tabular",
            "table": "Churn Histórico",
            "partition": "LastMonth"
        },
        {
            "database": "Cubo Tabular",
            "table": "Turnover"
        },
        {
            "database": "Cubo Tabular",
            "table": "Headcount"
        },
        {
            "database": "Cubo Tabular",
            "table": "Churn"
        },
        {
            "database": "Cubo Tabular",
            "table": "Meios de Captura"
        }
    ]
}